date,region,week,tv_spend,digital_spend,radio_spend,print_spend,price,promotion,competition,economic_indicator,revenue
2020-01-01,Region_0,0,7248.3570765056165,3958.5207096486447,2629.5377076201385,2028.4544784612037,24.765846625276666,0,976.586304305082,100.55808258440028,48065.76935849014
2020-01-08,Region_0,1,6781.882941141437,3978.610061923153,2403.80446888747,1662.2358755609132,22.866082315881513,0,1187.981602648444,98.57702116060777,52307.88352163097
2020-01-15,Region_0,2,6689.577360811929,3848.1035888856795,2829.027103427444,1767.6719647128998,25.996974548775462,0,1022.1219545573857,101.44101665188315,47667.62034852046
2020-01-22,Region_0,3,6912.636007172566,4690.613412426753,2611.397533308817,1706.5804787926324,25.304693121805993,0,1182.3662361798586,103.41811425941906,43651.22102858821
2020-01-29,Region_0,4,7383.265700728639,3951.515914449198,2304.071266026879,1831.3542708643076,27.384434311782723,0,1204.14007665608,100.30544517448863,47982.6776000538
2020-02-05,Region_0,5,7727.689056455534,4508.976925520458,2315.874092537404,1669.037137298738,25.739480180689263,1,1146.0674199109612,101.48647973304386,62797.77246353865
2020-02-12,Region_0,6,7913.373356192452,5078.320833207098,2431.624894091591,1753.2991828639892,27.316681179599673,0,1145.4176455697475,102.96014904866266,53229.04161946635
2020-02-19,Region_0,7,8038.9646212530115,4655.090842614627,2779.235696071751,1841.8501749847446,25.94758787168063,1,944.55649263967,104.46534495187232,57563.73168011318
2020-02-26,Region_0,8,7475.877299981218,5516.288256512299,2099.4985590661,1917.3539235867127,26.957079553609,0,837.4747333052542,105.92198431071996,56331.96754293117
2020-03-04,Region_0,9,7264.065388555173,4717.120646451662,2474.9667381083973,1901.2477348744728,26.433806310075685,0,770.3098720589447,106.25808436367019,62720.73627253848
2020-03-11,Region_0,10,7296.12964372773,5434.485102739632,2659.6679462724205,1929.4482104216206,25.624192222604236,0,768.6920105206125,107.2225484537062,57382.16570979676
2020-03-18,Region_0,11,6254.977066673897,5494.937928394445,2566.5379822978493,1734.0142350978533,26.38238267062105,0,818.7971359861621,108.62708088955132,53437.44539560018
2020-03-25,Region_0,12,7724.400519820215,5475.478887499567,2265.1520880549,1765.3667173514423,25.53886153851614,0,1153.379576839775,105.91905256935732,58051.8398528445
2020-04-01,Region_0,13,7312.6453961933,5473.550533898035,2717.964192837329,1758.892977508314,25.767296838706404,1,885.0207422505642,106.58206389408609,66051.85571836469
2020-04-08,Region_0,14,8297.022479926882,5277.257343391732,2766.2777498747623,2077.9121425403214,23.530832346294197,0,1036.3148614484764,108.3767542778472,60928.82265619231
2020-04-15,Region_0,15,7587.1372633257,5681.620756178053,2775.4586191397293,1553.9537330670487,24.606889688294526,0,1073.1276800526034,103.28820250245779,52493.347689939576
2020-04-22,Region_0,16,7967.768354296084,5511.245577875437,2685.7444233236383,1920.2228749840515,22.06627144895718,0,1217.0051606728412,101.79499831805948,60562.10078759244
2020-04-29,Region_0,17,8180.97202252417,5705.492960881096,2756.3465729502104,1892.2516618558054,23.58032053771156,0,1271.743391794747,105.0134250748634,61301.09675392699
2020-05-06,Region_0,18,8426.677575108573,6189.0450360416335,2385.186880443519,1792.5515892255034,22.15528584440185,0,1211.3329920224044,105.65487404932986,59826.224873060135
2020-05-13,Region_0,19,7661.349570930886,6406.713899939933,2438.7483942297904,1699.2452451996455,21.644711195087595,0,970.685057908186,103.58835032202731,52055.86315784388
2020-05-20,Region_0,20,7536.218994609486,6447.091772183046,2602.0687771117005,1877.7111508152689,22.749925418565933,0,1224.1537838014503,101.38958203907173,56856.14789492968
2020-05-27,Region_0,21,7361.828880273704,6229.237878890001,2560.383234233341,1752.1769498979647,22.677505282284503,0,945.0804478422017,101.94729382952174,60147.06871372372
2020-06-03,Region_0,22,7385.8807752913635,5965.695317999534,2604.3446609768016,1679.622692443265,22.47017483201155,0,828.36926205747,104.4384628779436,52801.40225194525
2020-06-10,Region_0,23,7648.986511055748,6726.241029342083,2361.3891137710248,1809.2151304596198,24.57887664347497,1,741.0677879319363,102.80311980782477,58365.009856167744
2020-06-17,Region_0,24,7429.034653919118,6812.464391340447,2726.697702341774,1679.2470974817497,23.755284411272118,0,911.3001488705954,101.52662391765647,48024.34720461066
2020-06-24,Region_0,25,7052.503937133385,6375.762181521578,2160.3812010421993,1614.443982513474,24.106836866034993,0,915.0752368453277,99.65881966969775,54245.60185856598
2020-07-01,Region_0,26,7032.140009547731,6276.676566621209,2356.9392581480065,1641.9396623402013,24.269633368282864,0,1021.6458589581977,104.77807191478493,50537.897490051844
2020-07-08,Region_0,27,7609.3957373226585,6912.468789204865,2484.948153613674,1585.4628013070308,26.52665107257007,0,1030.087659661183,97.812275121858,40604.132019952136
2020-07-15,Region_0,28,7108.904240917695,6987.931858964769,2224.0433689457113,1448.2864048379777,25.454501032926583,0,1099.26384992136,100.69418505873735,46121.1385048573
2020-07-22,Region_0,29,6975.885200504683,7289.023829831086,2181.44291371644,1754.6429298289486,25.595503913251935,1,1070.5498014932978,99.11461442107978,51241.2737040367
2020-07-29,Region_0,30,6257.700860984697,6842.725441568329,1782.03805617962,1304.5167683159175,26.393399580394153,0,1062.2249303405983,100.76251944349933,43210.93948447896
2020-08-05,Region_0,31,6594.955078691453,6789.881144604289,2426.4920684516956,1791.0737120617446,27.275007994141355,0,1223.5983491441407,97.55779565749116,34514.26434196877
2020-08-12,Region_0,32,6637.027447550532,6885.469123469234,2423.2350703141306,1519.6385619364855,28.57143456434146,0,924.0815829748269,98.05808373432797,37885.37962951153
2020-08-19,Region_0,33,6770.557121149057,7042.897408979616,2290.4368345638627,1433.773771857459,27.870408215382774,0,905.6838922779916,95.07871674525607,41425.709792149435
2020-08-26,Region_0,34,6684.717423446329,6945.231961653707,2556.4723952026015,1432.0263802010622,27.68289460420979,0,930.3383525442022,96.98855469146187,34483.92536105614
2020-09-02,Region_0,35,5574.890578642183,6868.192161019481,2233.3410505157763,1544.5995553532273,28.198827507626643,1,769.0449639154896,98.18367748604261,36111.34956254221
2020-09-09,Region_0,36,6779.966740036233,7226.415100216339,2424.580834094876,1336.32708000316,26.423241281474308,0,860.9739277240806,91.7408285863025,33501.73721764996
2020-09-16,Region_0,37,7019.896370433656,7049.719314008127,2508.4943932907145,1442.6736519521241,25.23029976599562,0,834.521522196688,97.09553037970524,37132.20894634295
2020-09-23,Region_0,38,5991.6260771449115,7405.771585274686,2433.679959740417,1246.097518410579,24.656410933008686,0,931.4240867404371,94.16984881570461,34521.0382426535
2020-09-30,Region_0,39,6679.5546013072635,7861.7624774291435,2580.8708676817846,1248.3927404137019,24.335772556695577,0,1136.011136624817,95.62181513119602,34521.55944230222
2020-10-07,Region_0,40,6833.204487142178,7654.205778781557,2347.2904273047543,1160.2767966355038,24.502855535432495,0,1064.07877051674,97.57873208147156,36085.364887161704
2020-10-14,Region_0,41,6663.778151444571,7835.379356611707,2065.2367328916757,1175.9946994039944,23.7273524192813,1,1210.364418621615,95.59347587649057,41618.651766717965
2020-10-21,Region_0,42,6487.8283036631665,7687.592192037736,2364.649598448976,1370.5482818451303,25.124898291313453,0,1294.4688574281315,97.72574188339972,38751.22243078848
2020-10-28,Region_0,43,6413.260416793319,8327.255930248368,2076.6117043375466,1407.9099193283364,23.196308309958585,0,1051.49745298529,94.05445454862655,33200.02723932398
2020-11-04,Region_0,44,6677.087668352386,8715.956091996668,2566.6371877531615,1199.3959037202105,22.231552843280813,1,1181.8164487988104,97.36900670359066,44089.244335005686
2020-11-11,Region_0,45,6901.015027778549,8235.75694236593,2373.0011646159533,1240.3008543165192,23.310059776227074,0,938.1285460008457,96.02836656863927,43254.917907195326
2020-11-18,Region_0,46,5804.912575658339,8221.25069564163,2401.580341207517,1287.3660498230397,22.564516780324645,0,1014.4218603772388,93.94720647771231,39593.74618270344
2020-11-25,Region_0,47,7189.384559016541,8991.991875056108,2249.211672207184,1233.294507479557,23.372301200712286,1,1072.1153604648648,99.51827063447188,41098.9388466974
2020-12-02,Region_0,48,7751.5400592147325,9187.185301119831,2380.49869449762,1423.9105571592142,23.999408217797836,1,949.8599072161519,96.80908348623747,44654.7236645364
2020-12-09,Region_0,49,5921.800515891695,9226.920171481781,2624.02197899285,1257.5238870098938,23.87388910269183,1,584.3716423673482,101.48420665592991,47680.95536824917
2020-12-16,Region_0,50,6004.719381749888,8911.540991044747,2540.915740144728,1273.5573780000057,22.003111555872586,0,826.4912228699899,98.5575990654593,44096.31060184391
2020-12-23,Region_0,51,6377.05203942325,9210.140978400392,2631.393104284062,1235.5478525723645,26.576461280046352,0,875.11936483788,98.3368013619785,39589.0246695934
2020-12-30,Region_0,52,6946.484820022721,8889.427303274188,2389.2701389305635,1100.3183161116726,26.964725132916392,0,1003.5263551971734,101.02917798138108,49010.132930590815
2021-01-06,Region_0,53,7497.999140453449,9150.05188731593,2370.7980675867693,1367.773961455457,24.931351492237596,0,970.1392324963913,97.57230127687951,55109.76666160951
2021-01-13,Region_0,54,7966.073255323176,9397.083887419354,2651.208742254287,1328.2259329674105,29.008327152542773,0,1276.5542643221888,104.24415314182541,44737.880321302975
2021-01-20,Region_0,55,6807.510008735912,9335.018900976638,2515.8097085442987,1274.7458082277976,25.264982683535,0,1133.1044402083091,105.1473077053578,48883.828993066745
2021-01-27,Region_0,56,7274.8475825679525,10183.400193280137,2585.182137336089,1152.6324552846995,28.16909180905697,0,1240.8942529055491,101.54747748062401,50997.22666349253
2021-02-03,Region_0,57,8038.704816002975,9477.524637015777,2202.454195956002,1422.3185139148752,26.89772341698704,0,1145.3610795018749,101.53903859541212,57425.25101294738
2021-02-10,Region_0,58,7101.676632825041,9739.739566568294,2609.1727243250843,1155.0385217800158,27.255874573975948,0,1042.8393219125978,104.09611982917026,54795.49570811143
2021-02-17,Region_0,59,7567.768641282532,10206.62644539292,2467.4762529048057,1197.4789220023383,27.513734357826486,0,972.8872156584025,100.40374317861276,51985.317210691224
2021-02-24,Region_0,60,7162.478440063271,10418.074760346044,2470.795748575545,1003.3362328307512,25.24249004748767,0,872.1839630179799,101.0663382631283,58687.88985847661
2021-03-03,Region_0,61,6961.702751096985,10445.959607406941,3189.5738885457913,1028.0402008155056,26.497416326780264,0,772.2507376993905,106.43986574669493,62024.505153067745
2021-03-10,Region_0,62,7978.85580164382,10141.59281640834,2746.2132719858687,1480.3867549403724,23.854600816354303,0,721.7686996333415,105.01453978220782,59254.76212804489
2021-03-17,Region_0,63,7826.587130145006,11065.322773750377,2621.671088740788,1274.4441826002917,25.33493029136329,0,894.2360786673329,105.64361337188686,53449.886571700124
2021-03-24,Region_0,64,7740.512752907039,11320.43290182305,2823.1312718010468,1200.4402688436487,26.679845250739064,0,866.2478282890906,103.61071832952219,54932.90577670034
2021-03-31,Region_0,65,8125.7965203358335,10546.93651132636,2333.9496126512945,1242.4080127965897,24.76082133396983,0,1082.3104975745005,105.47122911621713,66525.11785026982
2021-04-07,Region_0,66,6856.332201568912,11240.938875191496,2716.6056126135913,1167.0506115837045,25.15415053753117,1,1320.0139201891934,103.98875432264798,64324.75063691155
2021-04-14,Region_0,67,7036.869871808896,10746.182113449548,2947.5955351058324,1277.6899355753828,23.723026922139507,1,1247.5106416372582,104.31495921654351,56339.49680674468
2021-04-21,Region_0,68,7338.863115573193,11193.69502071908,2791.6501597318825,1065.8266632150435,24.54336060362407,0,1334.1055607001058,101.41064505457004,59325.62073665605
2021-04-28,Region_0,69,7002.0809139684,11011.762495204537,2666.937244564154,1315.0258520612745,22.46318892576161,1,954.5312823918431,104.98721738090569,65543.84619789472
2021-05-05,Region_0,70,8716.666309344608,11285.661514360665,2645.326538805027,1282.933541515233,23.610976746365886,1,1155.012934076073,104.61540719461557,59738.439442953044
2021-05-12,Region_0,71,6778.383870002813,11890.601658088603,2649.053282606697,1172.3802837223539,22.92435458774768,0,1125.9704596191568,103.85400356543289,54346.16684678485
2021-05-19,Region_0,72,6551.641280087068,11857.801893310423,2567.8668190203216,1075.6488787495587,22.002477876543722,0,786.6511999559119,102.8558541483112,57322.38595550465
2021-05-26,Region_0,73,7975.901621326552,11224.87715890663,2284.656708483553,1082.0155524720312,22.00454850688228,0,852.4718016788886,97.44655044777264,59084.86748484656
2021-06-02,Region_0,74,7163.366638121922,11748.278861057155,2939.4996947956342,1270.8098399161026,23.085143577657856,0,702.34416058875,102.32501409533319,53883.225989334154
2021-06-09,Region_0,75,6873.979825858668,11651.167435154504,2396.6819920094845,1183.0565101458446,23.558910664035384,0,816.961887539941,101.70751789478068,46499.94172977109
2021-06-16,Region_0,76,6787.166507233953,11703.723767593836,2484.9019061589624,1287.1373580732836,21.419583847519448,0,944.5539120135145,98.84152159088792,51157.971400711984
2021-06-23,Region_0,77,7217.243140237429,11659.714623564887,2488.104908685806,1120.013015362728,25.354592549045627,0,774.4014639802705,102.47404018757153,55713.14804517735
2021-06-30,Region_0,78,7360.836032021618,11461.28446863483,2395.0959467440452,1093.4061841841876,23.777872191108056,0,1071.2998430172383,101.62772781624722,45839.2220209629
2021-07-07,Region_0,79,7045.003994424349,11939.66564818477,2811.198946497696,848.0882941310816,24.821398010457624,1,999.2090661864223,100.04958264320761,43701.05844311991
2021-07-14,Region_0,80,7318.424111030915,11872.734659780835,2359.5580462530584,1135.8129740896532,25.225102653544777,0,1023.7506435423754,100.31612481713698,41764.70137224969
2021-07-21,Region_0,81,7410.584436039272,11342.655227774983,2096.1153836934873,876.3472249223354,27.298068006654326,1,1195.4459497559535,97.4997511403596,49971.37224674045
2021-07-28,Region_0,82,6875.066981219768,11547.532530589882,2160.654439772292,1049.6645286194682,26.816833169915252,1,1168.6049149018154,95.09948938026652,45270.02385549954
2021-08-04,Region_0,83,5844.3646589731425,12295.139672573503,2815.9050971183174,1026.5129097631534,26.400884765175896,0,1185.3182729113378,97.67173573497197,38823.78819623349
2021-08-11,Region_0,84,7434.863627286812,12505.3742220332,2032.356754997552,708.3824157479733,26.360599170500432,0,1050.472237878595,95.98836053620235,39460.18240769276
2021-08-18,Region_0,85,5833.7110675179165,12449.753378508465,2082.920339428929,762.8681755520429,28.326729667896245,0,863.7590882560621,94.35864848148061,45771.74021613456
2021-08-25,Region_0,86,6752.868630904251,12408.555677340366,2204.8808640797088,970.9779339809196,26.294394659133058,0,879.5764498163779,92.50596621837518,38787.217531627386
2021-09-01,Region_0,87,6292.63989280828,12507.119319987793,2403.1506798976307,800.0811168347942,28.620995085418098,0,808.2702862000166,96.9882237426449,31959.50714245729
2021-09-08,Region_0,88,6755.194123916512,12811.261462082395,2484.109556040627,600.3148301747443,25.59910814065673,1,776.7063616252385,92.68622300829813,39225.31143435228
2021-09-15,Region_0,89,6949.719248557719,12644.599155438305,2517.698430928806,915.4145303881452,27.215714957492136,1,941.6242119126402,95.00495948995244,38692.75208579882
2021-09-22,Region_0,90,6619.183785107461,12764.493643919517,2405.4094363243667,619.1439149581287,24.397574788166853,1,1012.3706509245368,97.29459450458002,39345.381480088174
2021-09-29,Region_0,91,6167.274908797974,13065.955223770716,2068.968015527108,875.1550015276017,23.95751512577286,1,1127.792682923816,94.62625671167729,35587.11568809506
2021-10-06,Region_0,92,7127.863617718034,12961.153770724055,2557.462576779019,567.8221453756294,24.788418937294146,0,1181.9077139710967,96.46325480992063,35573.67699505589
2021-10-13,Region_0,93,7029.020384840097,12803.687917733147,2252.3872118860972,409.9234995687831,24.990381166060132,1,1195.982969525744,94.2542858700682,45195.025639117055
2021-10-20,Region_0,94,7228.776327254107,12962.637119048395,2275.7102001780163,733.5808468292365,22.329304172484132,0,1106.6765801711908,91.4575621843578,33753.64924171806
2021-10-27,Region_0,95,5933.437344769491,13439.150163241182,2334.0369855226954,646.4712312385919,25.663755023618876,0,1120.6135571824166,95.90562428816007,34571.34167960978
2021-11-03,Region_0,96,6650.794002417715,14089.69488220517,2249.0044232656883,686.2819088192982,22.506826988204406,1,1077.0768197321333,94.89314257787878,41575.11648611068
2021-11-10,Region_0,97,6364.193916909054,13123.375713445032,2546.9046887438294,919.9136734407409,23.35820084133911,0,1010.2078677552852,96.6632923008471,38694.51809180811
2021-11-17,Region_0,98,7375.879005720553,14139.826504456418,2277.9738631670034,702.1637267679307,23.300447642528795,0,985.5825461411915,94.98327379147163,40023.41284619851
2021-11-24,Region_0,99,5784.887659482544,13352.378485852,2591.610455302163,616.271604083397,22.289058716581316,0,866.5476608968357,96.12445366827188,38012.95406634801
2021-12-01,Region_0,100,6712.954648737363,14217.101030421294,2935.678009368159,678.5445985780128,22.864592825694466,0,917.4128391698242,94.39759160445305,43132.450862439386
2021-12-08,Region_0,101,6907.248436617001,14085.284830000415,2633.4085954737334,821.3382987530107,24.079372276658784,1,872.9589265605032,100.36032494396564,53708.179863271514
2021-12-15,Region_0,102,7547.490096946229,14322.818266990625,2430.679034293495,780.4686431791182,25.277062622420814,0,753.7096597225445,99.6399267881342,45840.41860503932
2021-12-22,Region_0,103,6814.821168062139,14264.863421276927,2645.4700371369113,535.7427398296248,24.54601076985346,0,916.050980403924,100.68828496100554,47032.448697084044
2020-01-01,Region_1,0,6846.1108825235,4065.745098299182,2549.876736742151,2036.6179919645213,24.904704467613048,0,1027.902152577034,100.35109165978102,69773.87651852847
2020-01-08,Region_1,1,6979.135810971648,4014.7612570844835,2445.4890462445574,1827.0441916281532,23.66867242759441,0,1189.4461305150767,99.48483970673344,78256.91038458481
2020-01-15,Region_1,2,7926.3514131897045,4252.069620964371,2424.857444304494,2083.7119702019686,24.481432443671295,0,944.7161775167232,102.49385099087971,75842.71850058214
2020-01-22,Region_1,3,7773.689526938946,4799.544613520425,2508.708177365267,1629.8706455238123,26.21165501617362,0,1261.8685250499684,98.7219740933632,67137.55066830477
2020-01-29,Region_1,4,7256.0408950485125,4612.418786409939,2521.4612642352995,1854.6333949610837,25.39442830759687,1,1331.379708944409,103.33461948144182,83703.20924450742
2020-02-05,Region_1,5,7475.673526737229,4601.402493340432,2726.7528202595972,1909.5068392493156,27.329961511192973,0,1193.3759643631095,103.23336607305872,87659.46508648679
2020-02-12,Region_1,6,7353.005747800863,5230.97196210708,2464.1899383242653,2069.8221041782936,26.945259797551767,0,904.7856226457068,100.1328039962114,81947.63530201715
2020-02-19,Region_1,7,7131.803931255983,5223.278895455737,2556.8968442663895,1793.557610377726,26.812382869499192,0,883.3208981324613,100.57474809388405,76557.4195895298
2020-02-26,Region_1,8,7886.69039886161,5174.532428303586,2430.052351258206,1786.9118445091322,26.86642994628026,0,751.5389994325867,105.16469688679618,87938.8016857889
2020-03-04,Region_1,9,7093.114281404835,5176.934877646344,2578.9811775117037,1776.7702754862842,26.466955764669827,0,739.8090428998953,108.0226531819651,94689.86420790352
2020-03-11,Region_1,10,7275.420250719851,5452.279707212472,2920.1235237200126,1922.8465142786026,26.385875686401764,1,736.7645474098318,105.46160751619443,93952.02703892483
2020-03-18,Region_1,11,7292.833453420596,5717.985539763248,2668.5479458570007,1919.9065842181694,25.73149321751921,0,967.1310494943872,108.32663669346076,80423.33164640082
2020-03-25,Region_1,12,7269.916322651608,5352.6469120131205,2584.836869475844,1832.9686906291122,26.001466816610616,0,849.6853651973884,110.89356507393171,88091.92100181067
2020-04-01,Region_1,13,7133.393296177201,5825.997728113172,2424.434555899739,1844.6416082040105,24.497744283805876,0,1021.1594970380395,104.4852469251533,92560.16113816894
2020-04-08,Region_1,14,7795.236885761472,5891.971444140239,2552.2690386548334,1985.4418131623297,23.295603008422543,1,946.5071463877716,101.83993064769932,98112.89923712579
2020-04-15,Region_1,15,7529.869127736968,6325.531309117809,2319.050816505511,1651.4694998860657,24.871051897678434,0,1182.5242336213996,107.80778978658205,83076.23402122442
2020-04-22,Region_1,16,7248.228394856485,5999.245932836847,2739.05847365936,1763.2525267152732,23.12344952967299,1,1131.3794380258055,105.32268146863896,92870.93768351311
2020-04-29,Region_1,17,6706.028010373045,5950.509952179516,2601.472324203476,1869.0512687900568,21.119605825898486,0,1210.5232314225532,103.70239824545979,92079.48414426473
2020-05-06,Region_1,18,6846.449581675741,6395.143195981653,2529.9073396216704,1746.0441301900364,23.083046935749987,0,1180.3286143704713,99.92460428410831,85324.37190397797
2020-05-13,Region_1,19,7319.4812276125485,6494.659300864141,2742.0614543270644,1468.5665167571976,22.176194760686005,0,1099.9295749109326,103.09928363842074,80998.93577840217
2020-05-20,Region_1,20,7588.841321060253,6327.949291629559,2805.5250895424874,1695.4994130956484,22.755540105983187,0,932.5018822339906,103.41238352777557,81217.1344103002
2020-05-27,Region_1,21,7275.380861653818,5959.932964659707,2547.210834573197,1708.3843712481832,22.541203978422377,0,868.3046436049322,104.67297908306074,88606.64783788672
2020-06-03,Region_1,22,7777.838958156087,5470.540338155024,2987.383416762711,1600.8866412606633,24.462215084950202,0,709.0061587503642,102.87675416540871,77048.67277352083
2020-06-10,Region_1,23,7749.306604930678,6357.193202232184,2662.6339206677812,1464.340469054423,23.64286704794683,0,1001.7989518985996,102.1752225286426,72134.6645419868
2020-06-17,Region_1,24,7696.352365051526,6827.903790954381,2663.6433940489705,1410.0876728763076,25.703985188213558,0,720.7686875193999,103.20686346799381,73864.26310686157
2020-06-24,Region_1,25,7242.622017703124,6966.715468833613,2630.9610996169517,1614.180895674132,22.836583276604422,0,813.683140317224,101.79748354097634,80339.43210556568
2020-07-01,Region_1,26,6851.218248320004,7012.712043993486,2469.9888825934945,1558.8364680207314,24.82692817571613,0,1001.557904758147,97.44395483312725,66170.31677707864
2020-07-08,Region_1,27,6485.096242346883,7129.607540570295,2171.374084398494,1473.6213009404414,24.185486004928958,0,1032.8472381084173,102.68134691899613,64230.44623417076
2020-07-15,Region_1,28,6512.335428838604,7403.936042317026,2660.4557477551853,1449.7368826878267,23.430040629213963,0,1393.6910304378052,96.48993322845831,62350.51773323137
2020-07-22,Region_1,29,7509.929412565945,6246.397571719358,2912.5330686279326,1586.858270073433,27.006218391998345,1,1256.0886415690538,99.74483274436085,74681.27720918618
2020-07-29,Region_1,30,6773.266648749677,6841.805110017012,2279.4986064200993,1416.0736529860449,24.953010917591925,0,1177.1692858576082,99.61818560364978,59976.13160659559
2020-08-05,Region_1,31,5703.109571418877,7048.632175735295,2717.693800508243,1554.836651170825,26.266708920149117,0,973.9433600886501,98.25978046439333,51905.926056663484
2020-08-12,Region_1,32,6654.814158128503,6600.8555540523,2280.258072473638,1468.286250879709,25.392424014664435,1,1091.9106066535517,99.47921611491677,63284.0230153771
2020-08-19,Region_1,33,6261.4119235002545,7094.553293644154,2482.1156544236565,1423.5163439613364,28.1915711438667,1,990.5340223971747,94.853462883531,64100.62336313661
2020-08-26,Region_1,34,5804.907044563959,7677.977863187984,2127.779773037694,1281.9956724001847,26.15162521980163,1,956.867906046285,99.52422676392904,58865.68932023184
2020-09-02,Region_1,35,6588.465115461023,6999.757901231756,2811.720721979034,1184.6358160781438,27.170330479040228,1,739.5057100151373,95.20214455397854,53991.96128999151
2020-09-09,Region_1,36,6460.895990378306,7275.394526705829,2552.52338695617,1687.4269883970155,25.768753531473756,0,664.4779272224814,95.95368577468261,52269.48824019772
2020-09-16,Region_1,37,6624.705816734263,7177.026247174242,2067.2349617434043,1055.6492726548017,26.90583029754964,1,945.8081404696042,96.28325707124029,64766.953796678514
2020-09-23,Region_1,38,6214.810805047424,7441.113229739875,2234.7574860955633,1178.4426917272451,24.829353783509113,0,784.6613389150203,93.51837473509244,51146.53949862145
2020-09-30,Region_1,39,6089.090849746804,7810.411919451767,2556.2125827976106,1336.2814014042658,25.462626335381103,0,1211.785594962589,97.45533798494658,44765.809517882444
2020-10-07,Region_1,40,7240.660868960019,7827.893040580398,2210.09129773361,1302.2908396825194,25.079695583946606,0,1100.5451735499948,93.05507085223432,52513.434032641024
2020-10-14,Region_1,41,5959.95537565302,7833.100507602293,2671.051732462911,1256.5981775009498,25.384563130556366,1,1043.1424242060905,92.96066538352459,61006.81301764551
2020-10-21,Region_1,42,7045.539104378343,7962.010201286347,2823.613471593527,1354.8462140674685,23.865803800008443,0,1167.6301283993605,96.33239087899777,54222.23468972011
2020-10-28,Region_1,43,5933.429215490273,7767.439361768067,2226.324054513781,1254.4768455112217,23.44121867241912,0,1257.8121607227508,93.36598665938621,44638.22611764483
2020-11-04,Region_1,44,6700.4989827292875,8901.00469546174,2375.3382378079727,1411.7050682373172,23.211796873176738,0,1122.7355663290455,97.02196268304402,56686.87427951779
2020-11-11,Region_1,45,6297.3320210690445,8204.54035442197,2150.1408260459216,1229.6816241557665,21.978006335447592,1,1179.1699844163832,98.42923739080766,68565.86862446011
2020-11-18,Region_1,46,6589.612925682951,8646.393092287846,2678.5731110673432,1363.9905067111076,23.02493487164727,0,820.9532439074729,95.94096090221022,56249.259480310604
2020-11-25,Region_1,47,6913.0399871170575,8545.777101514392,2054.3085064914835,1181.8947446153304,20.24169630943645,0,896.7023997651913,94.740286780662,56622.29296277391
2020-12-02,Region_1,48,7486.541512945588,9026.211603896065,2387.6029500073932,1501.7838350435536,23.5026997254148,1,779.2881543511131,96.54908608492848,67197.73025310868
2020-12-09,Region_1,49,6603.624959796982,8581.591506721785,2507.299209815644,1183.8962871530794,23.68944139731401,1,728.5850570429488,99.10085190428002,77700.69686939071
2020-12-16,Region_1,50,7331.1876691481275,8482.735910178762,1953.3184233764755,1418.6095769000108,22.703674957497043,0,812.9266866320004,101.21904029548422,65942.66451245028
2020-12-23,Region_1,51,7366.999746709827,9292.498516161066,2475.9414031812416,1253.0046430218088,24.129803865095077,0,905.5360527142469,98.30482770221842,63313.21894751733
2020-12-30,Region_1,52,6260.544215612936,9255.007975933746,2496.938030165401,1366.8937249401633,25.119580368414155,0,902.693105911845,97.61388009017952,69884.88242353893
2021-01-06,Region_1,53,7656.430869061627,9077.289402451448,2057.5411041293555,1214.1064372042783,24.603810948498996,1,865.3072835495534,99.2645379239568,86886.15065770331
2021-01-13,Region_1,54,6840.781628704102,10019.597613350348,2671.4825239109873,1208.3516985640247,28.08675455735304,0,1104.0252808783973,101.74966565522311,75983.37737529703
2021-01-20,Region_1,55,6892.516214840929,9656.900023855334,2314.9327051988193,1291.3172493668592,26.4148920138796,0,1370.7546353881078,101.04238133258846,70356.70748666619
2021-01-27,Region_1,56,6605.270758461413,9447.932740059934,2809.7912573954504,1183.2909436382297,25.599056749105372,0,1240.6685237898118,102.88870291243242,77551.84180159839
2021-02-03,Region_1,57,6949.982587732708,10134.297200415256,2706.6359321663967,1477.7996601535197,25.61744347300533,0,1082.3782829570976,105.4967120173539,89564.56942081313
2021-02-10,Region_1,58,7625.81748098528,10648.437500942564,2470.7647526600904,1418.857058453857,27.042430873093195,0,1074.7223607438373,104.80721579332479,84145.14578352442
2021-02-17,Region_1,59,7022.238181560205,10232.316044588682,2723.640780380665,1245.8104435512423,26.390641493640448,0,824.0070997948034,107.85496800073614,75258.99154683945
2021-02-24,Region_1,60,7383.163507743308,10163.85116980142,2684.928919445869,1396.4291298113235,27.730505973730576,1,809.0677244949478,105.79004473618502,90011.73219427318
2021-03-03,Region_1,61,8138.139334254847,10323.62395211329,2810.538179914156,1379.858397331937,25.607165903784757,0,863.2867919543306,105.22665603177133,93690.68047327029
2021-03-10,Region_1,62,7296.701404736371,10656.414078432152,2887.9090506895395,1267.3421983520966,26.635078329080557,0,971.6797196439129,100.87672843759614,87620.18341023513
2021-03-17,Region_1,63,8488.252604788122,10778.347202298306,2711.3717046885495,1392.41906240563,25.307068149096736,0,883.2122264840142,104.4366625725582,79654.35341732312
2021-03-24,Region_1,64,7305.363599556471,10874.3861835556,2982.8872319849897,1308.544528142272,24.282748266539933,0,951.5156324132599,105.51951049997568,92616.61980735783
2021-03-31,Region_1,65,6875.071717259547,10468.107545631497,2559.162088337697,1116.9484263203956,24.182814533391003,1,790.587937233622,105.44936945150377,105260.06690600223
2021-04-07,Region_1,66,6886.442457992316,10369.570018635184,2343.7750682006895,1418.731414182902,23.96951052553244,0,1348.7645629755789,105.2164424161372,88053.13152084229
2021-04-14,Region_1,67,8513.222889073828,11557.266939054638,2971.827108866496,1360.850815820488,23.44576410897841,1,1247.381782774973,103.21831132028565,87893.70072592555
2021-04-21,Region_1,68,7475.917434348785,10944.536458007442,2779.5299258941554,1347.4472431272638,23.762161569810257,0,1346.294782925137,103.81148963614666,86823.8143543143
2021-04-28,Region_1,69,7109.643313245055,11125.063939006353,2728.830319865318,984.8717389799618,23.543880104425153,0,1244.6790551563904,106.86934751931675,96834.59675222932
2021-05-05,Region_1,70,7380.548270111278,10959.063388751054,2549.006224669838,1337.380840886057,25.01455382056378,0,1286.9488844753787,101.29327033329253,83589.73813547454
2021-05-12,Region_1,71,7185.218016779691,11555.984922026078,2233.0836439642076,1182.910721659758,24.047546198956695,1,1028.3686120146158,104.76975395399494,82941.39389724014
2021-05-19,Region_1,72,6812.915177089333,10537.258133487745,2593.965417725992,1405.5187787421332,24.67584146635176,1,906.4272414838617,104.02517025554437,87080.62380069648
2021-05-26,Region_1,73,7538.493579267937,11298.388077556676,2655.906293199407,1139.3515789160615,22.1535922433458,0,778.1298844161513,102.38736594985272,90079.87875571873
2021-06-02,Region_1,74,7735.6262163428855,11298.463266409026,2868.2461895984698,1061.1565453275539,23.33266497386425,0,738.2755835481347,102.52690443559786,77990.06898730308
2021-06-09,Region_1,75,6331.3466903041735,11298.389245692042,2602.606208617641,1095.0140985211397,24.376161252669473,0,811.1332146763008,98.64793272143959,69571.89232490252
2021-06-16,Region_1,76,7540.721738383449,11295.507872335493,2594.6089360764595,858.0511390923696,24.536983638345987,0,831.8390785915199,99.57973867239103,74827.64274775302
2021-06-23,Region_1,77,6858.943449712017,11573.610507776004,2644.672852340264,973.4118954891868,25.538869900509066,0,1173.3736006032289,101.46031640193776,80865.84551718464
2021-06-30,Region_1,78,7088.220777638612,11689.891648275003,2334.481955870256,1032.9215824569562,23.927860988014395,0,707.8649516505388,99.10323956189224,75289.3943328824
2021-07-07,Region_1,79,7812.609202185288,11553.527147546323,2339.767477251866,1010.2172149600538,26.875857751133882,0,1098.6459480458595,98.10538824047431,60955.52448882892
2021-07-14,Region_1,80,6615.038840336449,11642.206718236119,2488.6367135558257,1222.1633589845537,26.252525617203567,1,1139.3614229661025,98.08247487015302,73215.411290416
2021-07-21,Region_1,81,6945.973035140023,11984.042985494232,2434.6005818496205,847.7067927677465,26.40959238747483,0,1286.6702529628876,98.8244813815187,68137.69647787909
2021-07-28,Region_1,82,6507.987298670967,12405.116761145897,2452.9456063009875,722.4332177684558,27.565196666362517,0,1120.1888399831837,100.05267560919513,63288.61249578105
2021-08-04,Region_1,83,7041.856259046523,12072.034138518662,2170.9673657264834,936.5323554013324,27.852605948998608,0,1198.2606186310136,96.49012560213114,54051.91574203917
2021-08-11,Region_1,84,6124.565115380847,12328.1429222058,2813.03658511251,740.1890236201875,27.009637204868866,1,1189.0851883990545,97.21449879847665,64295.30745526403
2021-08-18,Region_1,85,7125.2602925620595,12705.14938491392,2149.921131298328,844.3462413492629,27.018142239736818,0,925.4453959410569,97.41671260557165,62414.34391381253
2021-08-25,Region_1,86,6603.401831252475,12247.154952388697,2444.2491888082895,821.6212405487165,27.038493461640446,1,999.1352219126377,95.27775762278372,57394.82628901135
2021-09-01,Region_1,87,6386.0268755363195,12826.154167502194,2348.9477722407814,514.3014729132857,26.147605339594868,0,912.2656053541967,97.25395992474306,51417.97125588168
2021-09-08,Region_1,88,6319.524204803904,12409.44780364997,2281.3959337884235,697.4870104835373,27.94162100595104,0,769.226178259255,92.28802089864345,55180.908355569234
2021-09-15,Region_1,89,6365.92330884576,12976.257159222547,2361.9488146441813,842.9469252554499,26.301880991069748,0,756.3965943077412,94.21605631827295,57528.86295732824
2021-09-22,Region_1,90,6546.018611314239,12624.51584565936,2468.432429180347,739.4206528377964,26.34992862603236,0,772.4573975665716,91.16422500215249,52285.14526953874
2021-09-29,Region_1,91,6914.341305348196,12404.975345953382,2494.722117445775,900.1191172458969,23.787910108061734,1,1083.4232665740158,96.34514740240546,58738.929864247635
2021-10-06,Region_1,92,6338.057802349881,12609.82854636939,2572.5098027426866,772.5990267381354,22.348699125410853,1,1177.6868021237951,94.66138738939999,57477.796623080605
2021-10-13,Region_1,93,6306.504457646715,13135.222795251517,2267.3142808259663,895.2032645070217,24.266528689777072,1,1196.2947149560712,93.27441350878055,65678.2561679677
2021-10-20,Region_1,94,6171.008531831727,13361.91246667872,2433.205026277456,1051.576089677581,23.450288701146558,0,1163.610095207791,91.55451868253068,53378.12027605647
2021-10-27,Region_1,95,5665.537881803484,13468.13340259812,2577.203715373801,640.7162744780901,23.782345230686182,0,1276.9168199058324,95.363821434659,50408.259693336855
2021-11-03,Region_1,96,6541.235762020397,13701.66833101436,2191.081793277837,801.6867994797886,24.105165144411597,1,1182.7339486421433,97.1916470170308,67995.96780018586
2021-11-10,Region_1,97,5645.87734946105,13269.066615497515,2682.534598271951,709.8320714365798,23.90038538940561,0,1070.8640852337955,99.4820027751218,65333.83802602633
2021-11-17,Region_1,98,7422.108669741219,13823.701449849328,2415.618329044199,520.0240889737531,22.768519763673943,0,867.8122076108698,97.53285522821983,60360.786146061226
2021-11-24,Region_1,99,7398.700638664187,13912.923672375517,2872.967072806079,774.9305301060032,23.024437462626864,0,848.9398032801312,95.93613808453365,56583.60529607436
2021-12-01,Region_1,100,6506.514984515109,13652.856754424713,2149.028031459068,745.7090786217567,21.849311894181685,0,889.0023478318773,97.26651406415468,63620.02726417819
2021-12-08,Region_1,101,7329.476859311014,13820.359505834973,2542.8384941880936,1167.715645149707,24.051105386281638,0,783.4092462872258,98.6533688212627,69376.67399181028
2021-12-15,Region_1,102,6696.883633594156,13889.397543672687,2679.3040780765855,761.6583375149111,25.971744341665467,1,829.3371454398061,98.0051979741567,71631.06339109295
2021-12-22,Region_1,103,6238.827605288379,13706.441383436082,2648.189351374352,731.9299493401413,25.2933902334283,0,1060.187740049192,98.4311944953565,63641.57960413618
2020-01-01,Region_2,0,7806.110314127713,4269.05179475966,2446.2938704188336,1666.321166187707,22.848184598670695,0,928.084668075758,103.04279699566385,92305.09009637636
2020-01-08,Region_2,1,7328.284053667832,4085.6685338879765,2763.3615308123753,1974.4127590425728,26.654806433815036,0,919.5462814670184,102.01911224778974,103456.47508409864
2020-01-15,Region_2,2,7620.157715529157,4357.9319488468145,2413.409874715046,1855.7639385667953,24.785720136766876,0,1175.4527437563836,97.80238355146528,96271.04578592966
2020-01-22,Region_2,3,8551.817869044718,4260.686113285559,2161.312687838232,1911.8118439431908,27.181705325164234,1,1327.2742138348249,100.48056981552507,102829.88355462629
2020-01-29,Region_2,4,6682.015487348021,4815.163203696131,2769.8249394151608,1701.2320541224424,28.038433031851643,1,1161.9985970771877,98.6850000028894,108682.00270875728
2020-02-05,Region_2,5,6423.010031607674,5021.79316081581,2902.3390105868198,1918.060836291861,25.883246439631282,0,1280.8267810097382,100.62891439668391,114542.7142540831
2020-02-12,Region_2,6,7243.856452851605,5032.83495715304,2861.5301479600407,2009.0336108601648,26.423249721617807,0,1026.9409454830588,105.5362180151695,106362.99177452612
2020-02-19,Region_2,7,6634.661357115404,5306.299458430953,2990.554182135733,1728.0515645376893,26.939447740278965,0,837.4703956903982,104.8351222368629,100681.19312795385
2020-02-26,Region_2,8,7275.59737427291,5014.012218590347,2605.7749880429815,1738.56689344811,26.611236422703726,0,1027.2401854023126,103.92805118763428,112631.49976920387
2020-03-04,Region_2,9,7651.06188557353,5436.813632917019,2324.8850999933175,1566.7494878162447,27.17492566817983,0,609.1006237623754,107.89231012723623,128940.21058241314
2020-03-11,Region_2,10,7880.035296331627,5430.758215288962,2280.0408895722644,1702.750391881584,25.53846156457335,0,739.3734653552776,102.15217154611686,113469.47159096636
2020-03-18,Region_2,11,7613.122895139325,5539.4681068259315,2837.9256096874165,1503.6761565332338,25.757583357624245,0,724.5867737021885,99.7941340416376,104756.47802611865
2020-03-25,Region_2,12,8146.105141958118,6085.316898495595,2402.996412224225,1843.848682154303,25.013320871795063,0,896.4605301608327,101.91450179725192,117546.88778984506
2020-04-01,Region_2,13,7732.9431490296665,6130.735010078986,2577.6473862326375,1802.0182083454174,24.334514585309783,1,1087.3169430693467,105.75420078780438,136339.3987481982
2020-04-08,Region_2,14,8158.650449844917,5682.394545152871,2294.299837473332,1938.6320237759235,23.615636370562264,1,1027.5680005438717,105.44448686915068,121063.69810303344
2020-04-15,Region_2,15,8940.538376612072,5710.366985760615,2884.4325246115636,1686.8500897308209,24.48525218464335,1,1313.7887378132584,104.46003224651561,114550.32007054181
2020-04-22,Region_2,16,7463.555605434908,6220.635901865744,2758.9637808589846,1283.0931666420452,24.329655460048173,0,1218.0153942914883,108.58920849451036,116334.08122029074
2020-04-29,Region_2,17,8007.253797146826,6295.983536370149,2550.8263030774265,1597.6293304135427,24.49942145676004,0,1133.8475548127774,106.33353021901821,126537.81517058263
2020-05-06,Region_2,18,7856.338212960192,6201.748645902585,2495.1512608394582,1758.8569296315202,23.930377039856854,0,1208.0536646295166,105.2839257617069,114732.56628884662
2020-05-13,Region_2,19,7065.579195617323,6188.098348143674,2448.228346335925,1673.7617886233086,21.374315612578574,0,884.6072925583024,102.15771389885559,101763.53013616796
2020-05-20,Region_2,20,6451.066261467584,6262.9249096841195,2599.709493808564,1537.1177445814428,23.673827920236295,0,1045.8938809051442,102.9928845451849,107981.49475109584
2020-05-27,Region_2,21,6841.823929448833,6041.390021974345,2759.7935493638306,1546.6400389980422,22.975042912792894,1,937.4490968651307,102.31129405103455,120630.11261795902
2020-06-03,Region_2,22,7596.542918330874,5967.639433157089,2581.695001859831,1663.431626177668,24.714690864051335,0,682.114711551006,102.33954442551351,106408.04855344407
2020-06-10,Region_2,23,8306.507346912626,6019.27212074991,2423.4079568018806,1630.2783139096862,22.56840136596562,1,879.6764859759652,102.72573997392512,102811.9532271207
2020-06-17,Region_2,24,7673.694352321974,7299.692710959591,2614.380543078887,1505.1938659297552,24.044979343720467,0,658.4956363323569,101.86705569557768,97772.77697402185
2020-06-24,Region_2,25,6759.226992042411,6540.774698488229,2709.099777926594,1405.9179169349209,23.662918731050198,0,1019.6141426952806,97.9109415543302,102407.6379779601
2020-07-01,Region_2,26,6761.889563227671,6862.316754213818,2552.512265800385,1569.0384867051316,25.850897962167974,0,986.2628211600605,99.868904786438,96568.23909073004
2020-07-08,Region_2,27,7712.067293898231,6265.410117193278,2586.3682342113034,1396.6911008618647,25.670138267367847,1,1099.7816973397796,99.57463178064627,90370.20900065174
2020-07-15,Region_2,28,6547.584653710291,6633.383443905618,2587.256880311095,1679.0442557894423,25.79000006840654,1,1119.57784669359,93.1383825370098,93703.6329059231
2020-07-22,Region_2,29,6066.49603696959,6730.782764192517,2165.8964155296912,1265.6109149042516,27.561367138430118,1,1166.5325767251718,99.47138985287413,96020.04081068194
2020-07-29,Region_2,30,7240.721990483873,6837.853762426232,2564.387647641677,1297.3963295600377,25.09220896577125,0,1268.792214339586,100.2255678903682,83421.13263181291
2020-08-05,Region_2,31,7196.749119795536,6518.969212912753,2724.3902387751305,1324.6630413014752,27.062325463512725,0,1117.802243888982,96.07144826211584,70966.54583397244
2020-08-12,Region_2,32,6622.585992753383,6700.40696579332,2548.696470347906,1343.3369257875909,26.756817832856086,0,948.4281953966606,98.24234613288402,71195.32127345767
2020-08-19,Region_2,33,6512.207355430954,7079.952543526956,2495.3357318106964,1396.3819123061169,29.003325712029348,0,973.7685552993385,97.68820889002698,80919.7367944089
2020-08-26,Region_2,34,6725.44754986867,7158.9898375401,2511.1246673093156,1474.7035721307777,26.515991774429803,0,810.0152910621508,97.84678756880668,70937.74094906228
2020-09-02,Region_2,35,5387.946217948477,7311.035288417748,2564.915430023619,1167.5920929574154,27.316187629064654,0,880.693390196871,92.37091191478092,61962.225654555754
2020-09-09,Region_2,36,6387.362874314227,6826.538483848125,2324.5766827107736,1605.0690630175154,26.34713180477755,1,824.5283157522575,94.91346360491697,75789.65016488147
2020-09-16,Region_2,37,6086.3694868105695,7229.374938826576,2422.1216475482397,1193.4882225713873,26.322715567557758,0,976.7027023839518,96.1417344098633,76421.49101322572
2020-09-23,Region_2,38,7194.645018825355,7197.659080222224,2188.9221666432245,1142.0195224939828,25.244611469468136,0,953.6912030358794,95.69658563113498,69673.9069030964
2020-09-30,Region_2,39,5855.459941926098,7553.2535577012695,2357.57238300179,1407.6858941924352,25.003803076123187,0,837.3680646038415,94.619921929997,61740.097418530626
2020-10-07,Region_2,40,6314.178834659963,8114.041880173543,1908.7212866193909,1540.6712565256241,23.097411518974738,0,1066.2794014853123,95.93217912501332,70053.47074516812
2020-10-14,Region_2,41,6441.415632535142,7908.270613749739,2269.603445096486,1060.0107939153702,23.35391378586022,0,1180.3022313196752,95.99706532525582,75405.35136698878
2020-10-21,Region_2,42,6118.246799866596,8065.8568126556975,2720.6171855545363,1267.2129693992179,24.39351262566659,0,1069.2144790324944,95.789230686057,67880.38464955194
2020-10-28,Region_2,43,6465.55060622164,8503.039731889165,2490.879272243314,1259.1873292886303,23.982657501053904,0,1060.0637278755228,97.33738599638077,65297.360141034886
2020-11-04,Region_2,44,6271.188606584055,8232.868309127518,2289.2084729078324,1276.0115598756975,25.229689303795688,0,1107.92196157356,94.36909622549437,69380.44423912311
2020-11-11,Region_2,45,5878.836315915746,7794.468635503885,2437.2257710895756,1305.1948483910255,23.115102346312053,0,1106.6362981055058,94.88818660762449,82603.04288314981
2020-11-18,Region_2,46,5617.074496199605,8668.842404017554,2158.2972154077243,1389.933578618307,23.028855319640325,0,856.7429252028244,97.112194445199,77145.28072841188
2020-11-25,Region_2,47,5889.037335945769,9124.596446436168,2524.636447290656,1674.0074793416898,22.32485827474288,0,963.1636911695387,96.78143548479015,75518.54595693477
2020-12-02,Region_2,48,6657.391536584972,9113.929527461074,2140.056386183123,1276.3615723391526,22.10163882379957,0,849.3599397254138,96.94392106114464,83854.08756518719
2020-12-09,Region_2,49,6792.807849298857,9006.51092103898,2699.935174060746,1222.7661696644964,23.195187441502295,0,897.2309905465901,99.58740777568822,95284.57474043276
2020-12-16,Region_2,50,5967.1168094242075,9024.100848489426,2363.2666841553323,1266.2331892488728,24.4182301394508,0,786.6803704099135,100.18389527932275,82874.29135236528
2020-12-23,Region_2,51,6561.921289898641,8756.880342527915,2275.932563780552,1166.7969781337567,25.73874224117651,1,989.1109074918832,95.94570314114219,88668.17698461347
2020-12-30,Region_2,52,7597.054701523686,8905.650340658096,2407.1191475381224,1349.3091339877844,25.783390509282597,1,974.846111395551,102.91946375007588,98641.64034361995
2021-01-06,Region_2,53,6773.109040481414,9404.733962331966,2878.513463724588,1338.313333033962,25.958935981588414,0,1036.006264393941,101.9035835863489,102110.14712924954
2021-01-13,Region_2,54,7669.563207433994,9172.376511091943,2459.1030952526635,1319.0684407236342,27.9251138338715,0,1475.5886287792673,103.36046244091948,101290.1743843475
2021-01-20,Region_2,55,7620.799353922445,9584.118172547942,2770.68356786268,1420.5387134122136,25.903611755760032,1,1266.2015764811954,100.65642092732061,99461.50999472033
2021-01-27,Region_2,56,7498.584518536374,9973.097902666765,2661.2630490369424,1532.9989504860696,26.640371712958267,0,1253.8774140963344,103.23198219459852,104386.70304281618
2021-02-03,Region_2,57,6984.591751634574,10303.745540465454,2573.1519137313508,1349.3451026521611,27.644163946990194,1,1032.4808239976514,103.8416551764182,125164.61130324964
2021-02-10,Region_2,58,7401.405174258564,9800.840455630205,2739.234082776626,1342.82698090008,27.47743659618891,0,995.2596485907535,101.32282991286984,109001.28265971212
2021-02-17,Region_2,59,6890.535785464405,9820.924758712057,2687.59141525349,1398.844643580953,26.336026054452365,0,1029.3463460400178,106.1664417116283,103358.25308453124
2021-02-24,Region_2,60,7309.151749913092,10289.911699970773,2268.2005333043844,1335.3664696525298,25.84066097718876,0,732.1084397674881,106.55041630077068,113139.21723659651
2021-03-03,Region_2,61,7188.670516462223,10320.170171192969,2492.087493934679,1409.488005552725,28.45931168377009,0,747.2535357076032,104.11548377239271,124203.67932235176
2021-03-10,Region_2,62,7641.018858537643,10631.039693655888,2863.7321995833045,1481.4263463256261,25.966476670692508,1,668.8534565721853,104.08655146983996,124409.46338054551
2021-03-17,Region_2,63,7329.027282693879,10090.747079654502,2379.978282320898,1269.005821378929,27.443044318740316,1,774.0671455694403,101.16233336265407,112794.08997041629
2021-03-24,Region_2,64,6847.360696913793,10502.805481907348,2632.218737156636,1031.8970157140452,24.556771515449807,0,806.659628383096,105.13870080839745,119914.10337971452
2021-03-31,Region_2,65,7558.3078623628535,10855.707776922318,2689.465452519042,1118.0908064622352,26.49858257201187,0,1124.7756834076213,106.62279310898319,127323.29893558189
2021-04-07,Region_2,66,8005.0141463362625,11359.192237753183,2424.3973698658256,1091.7183755166852,25.539030138268387,1,1120.0941654913186,104.5337236601901,127834.42230661576
2021-04-14,Region_2,67,8414.72363951795,11208.699702596094,2472.7281271582474,1471.6930323361391,24.11433341862635,0,1139.0126594884223,105.99882397055855,109087.09211398107
2021-04-21,Region_2,68,8123.186425546501,10980.281703511642,2753.173621581532,1051.20181103787,23.650202532644172,0,1181.1063490293272,105.30816186664434,118923.20319367314
2021-04-28,Region_2,69,6728.541070532403,11033.935022434594,2968.3109899105025,1115.8241311592112,23.36983981232453,0,1178.3276734821889,101.84275473805481,128123.85960507716
2021-05-05,Region_2,70,7242.302934260522,11325.941324367415,2682.2924056867473,1138.9073778829809,22.346201849042775,0,1063.5704264165338,107.52494762388234,115961.60371427656
2021-05-12,Region_2,71,8256.594858358236,11623.68135109969,2693.8519687007297,1225.2456827893218,21.614162691473123,0,1068.5406108409531,105.48086586963404,107036.24013286705
2021-05-19,Region_2,72,7016.230542855186,11410.31814810652,2736.134197298333,1108.2839663047675,24.0875602995699,0,1188.524116604425,104.9363033222766,111190.03226234144
2021-05-26,Region_2,73,7894.321231190015,11662.775422742667,3013.4863357118893,1008.5353925686219,23.960677365125257,0,765.6430775721011,106.82535443999201,117997.98225403408
2021-06-02,Region_2,74,7004.055335271971,11797.29331770707,2492.2823458486623,1095.0134027941033,23.379420688755097,0,621.0294358431514,103.90995459380503,107153.59788673645
2021-06-09,Region_2,75,7338.79310357816,11493.541751820521,2903.0355735618114,929.176993184594,22.97451646623328,0,752.2224177810378,103.3537682273161,96406.2953954945
2021-06-16,Region_2,76,7428.8958971823,11962.250097446125,2469.635673006469,969.7028996097177,22.985403129354662,0,752.8621738233728,96.90697291633732,101985.89896894281
2021-06-23,Region_2,77,7596.80697944878,11596.12006846884,2384.4663716187447,1191.678585119163,23.375830453425966,0,770.7181031191305,100.14308414012622,104956.05694010378
2021-06-30,Region_2,78,7087.605709454256,12695.577700781023,2573.496333094861,972.9705470741403,25.921801501977253,1,1048.2687887209208,99.22119691393961,105993.91942621117
2021-07-07,Region_2,79,6376.166264111556,11971.545041690184,2284.3577310440974,1079.3684806477722,24.44161375918735,0,1167.3262042588003,101.34895003741279,86357.00042362804
2021-07-14,Region_2,80,6233.551913204273,11944.685534013688,2322.186679407032,789.6858536128195,25.712429293663167,0,1133.7484943331494,95.96817381019267,89238.9295436239
2021-07-21,Region_2,81,6714.193657008638,11815.740573972833,2299.4120308602683,853.3122408076176,26.43879603148982,0,1243.0453612312297,95.05500894031141,88342.3578823058
2021-07-28,Region_2,82,7656.64868445963,12177.46730159814,2256.6329778181616,1018.3692774344262,24.010219992770434,1,1187.3407991967993,98.77414182741907,96510.6465945101
2021-08-04,Region_2,83,6785.079527273116,11854.515168465085,2347.6440890063823,800.4573687580478,27.303522202819355,0,1052.0177757731783,98.87657849965755,73107.83111504698
2021-08-11,Region_2,84,6621.245402535537,11766.485778137698,2340.5962716625236,892.7882682020668,29.606210839226083,0,936.6664302800953,94.49158173649322,78115.72776588684
2021-08-18,Region_2,85,7173.142589107869,12315.053052333937,2460.0117951638,933.3860327028395,24.89960188927282,1,933.4499074574491,93.61895186994697,89930.4894172509
2021-08-25,Region_2,86,6106.190398264984,12334.047467847297,2624.0400470527793,797.3362038065525,26.827209104059257,0,873.1777418326812,95.33367628468999,75649.6167034407
2021-09-01,Region_2,87,6716.808837407043,12447.643584308771,2405.489456040985,766.3475866518888,26.45201833134466,1,746.6663192854658,91.81961445965021,75354.39423855307
2021-09-08,Region_2,88,6121.309059975936,12162.595129467267,2234.878485654543,808.1697345099353,25.721500651943384,1,580.9016194704822,97.90371251343299,81678.04329930409
2021-09-15,Region_2,89,6312.957831932362,13241.758129397871,2408.065524679054,1049.5666263322537,27.3260432356688,1,876.8680253317474,95.31294416872846,86955.09024345734
2021-09-22,Region_2,90,6609.256073520916,12443.860964718513,2631.7676629103303,915.3416922120292,25.035587307446633,1,859.1060688513221,95.74846088795978,78952.63156736275
2021-09-29,Region_2,91,6670.703784436294,13232.515028285015,2506.82551817294,846.5886888309054,26.86462505682308,0,1110.9929595880333,98.61861269946623,64460.75714083617
2021-10-06,Region_2,92,5980.557711231625,12706.560671192665,2133.1670614168142,672.9419151120196,24.15086057283486,1,952.3879324908888,92.29170642891091,78144.68484202436
2021-10-13,Region_2,93,6528.567975768489,12864.91639633993,2585.5357442246323,719.4744035778126,25.17889134254962,0,1224.2750511462282,92.96142311207912,78084.87280130463
2021-10-20,Region_2,94,6524.909924285516,13285.47049318981,2124.6286424722175,641.5880618168219,24.270982901771795,0,1103.7069743971906,92.27305934902773,73006.2686196174
2021-10-27,Region_2,95,6990.9833777298045,13395.516720591766,2509.707292921304,884.2409281279174,22.404607941486923,0,1330.4767465035177,96.27201996633335,65422.93352134344
2021-11-03,Region_2,96,6553.88178018446,13274.070375407227,2512.3809752035904,720.6246271460913,22.800519728282076,1,1205.8116020769885,94.9467826104801,84713.27837336245
2021-11-10,Region_2,97,6197.246860779358,13513.05637027822,2620.003145260616,640.9454647940221,23.383183080924095,1,1079.435659551061,94.22408000199151,90651.83798002705
2021-11-17,Region_2,98,6582.472761241707,13560.714167207241,2467.3035945775873,975.0239780330058,24.09634897947672,0,820.9149477993484,99.35419320448291,80988.3727763807
2021-11-24,Region_2,99,7194.866802905053,14335.595308059548,2608.1423805121162,808.4601816880114,24.76391569815282,1,1042.8530228364991,96.45684779491675,86263.63441028116
2021-12-01,Region_2,100,6311.951763802738,14320.293365790303,2530.264348941509,548.2789882957696,23.72168156120411,0,602.9941006977547,99.91329942947692,86010.23321710246
2021-12-08,Region_2,101,7133.141978691343,14472.830370872993,2433.580609968886,660.1218109636212,24.86326972618345,0,918.5702882837818,102.15214994584892,94935.38909430066
2021-12-15,Region_2,102,7362.142119131643,14530.648075372997,2315.605803849189,685.6657149089394,25.301428169067194,0,1003.904654692119,98.00801345074836,93438.27000270587
2021-12-22,Region_2,103,7403.977189171259,14405.946936943072,2586.5352987621804,958.781775832096,25.367886763152214,1,957.0320094408473,99.48434593601031,94311.79877560647
